IL,XL,K,X,Y,Z
50,880,0,458954.099,7326898.240,2984.597
50,880,1,458951.319,7326904.933,2995.886
50,880,2,458948.344,7326912.097,3007.971
50,880,3,458946.755,7326915.926,3014.426
50,880,4,458946.004,7326917.735,3017.474
50,880,5,458945.459,7326919.046,3019.684
50,880,6,458944.714,7326920.836,3022.701
50,880,7,458943.771,7326923.104,3026.523
50,880,8,458943.299,7326924.238,3028.434
50,880,9,458941.849,7326927.716,3034.294
50,880,10,458939.671,7326932.942,3043.100
50,880,11,458938.906,7326934.782,3046.200
50,880,12,458937.515,7326938.129,3051.839
50,880,13,458934.819,7326944.621,3062.779
50,880,14,458932.147,7326951.055,3073.617
50,880,15,458929.595,7326957.197,3083.960
50,880,16,458928.139,7326960.703,3089.864
50,880,17,458927.678,7326961.813,3091.732
50,880,18,458927.067,7326963.251,3094.157
50,880,19,458924.722,7326968.854,3103.595
50,880,20,458919.907,7326980.416,3123.063
50,880,21,458914.706,7326992.925,3144.120
40,880,0,458850.517,7326922.661,2999.938
40,880,1,458847.629,7326928.926,3010.668
40,880,2,458844.555,7326935.601,3022.097
40,880,3,458842.921,7326939.162,3028.184
40,880,4,458842.144,7326940.858,3031.084
40,880,5,458841.574,7326942.101,3033.209
40,880,6,458840.797,7326943.794,3036.104
40,880,7,458839.814,7326945.938,3039.770
40,880,8,458839.322,7326947.010,3041.603
40,880,9,458837.776,7326950.365,3047.348
40,880,10,458835.461,7326955.392,3055.956
40,880,11,458834.656,7326957.147,3058.956
40,880,12,458833.227,7326960.278,3064.303
40,880,13,458830.451,7326966.356,3074.685
40,880,14,458827.699,7326972.393,3084.991
40,880,15,458825.053,7326978.198,3094.904
40,880,16,458823.538,7326981.524,3100.583
40,880,17,458823.062,7326982.573,3102.371
40,880,18,458822.291,7326984.187,3105.167
40,880,19,458819.666,7326989.846,3114.880
40,880,20,458814.515,7327001.095,3134.117
40,880,21,458808.995,7327013.182,3154.768
60,890,0,459107.426,7326896.837,2973.853
60,890,1,459106.592,7326902.785,2985.378
60,890,2,459105.699,7326909.171,2997.751
60,890,3,459105.222,7326912.572,3004.338
60,890,4,459104.996,7326914.155,3007.402
60,890,5,459104.834,7326915.285,3009.586
60,890,6,459104.614,7326916.815,3012.544
60,890,7,459104.337,7326918.746,3016.277
60,890,8,459104.198,7326919.711,3018.143
60,890,9,459103.782,7326922.579,3023.682
60,890,10,459103.154,7326926.913,3032.057
60,890,11,459102.930,7326928.466,3035.058
60,890,12,459102.513,7326931.394,3040.720
60,890,13,459101.704,7326937.067,3051.694
60,890,14,459100.898,7326942.720,3062.627
60,890,15,459100.125,7326948.126,3073.079
60,890,16,459099.683,7326951.213,3079.047
60,890,17,459099.542,7326952.198,3080.951
60,890,18,459099.401,7326953.085,3082.654
60,890,19,459098.744,7326957.493,3091.154
60,890,20,459097.306,7326967.328,3110.145
60,890,21,459095.721,7326978.248,3131.241
50,890,0,459024.363,7326901.262,2982.164
50,890,1,459022.508,7326907.490,2993.388
50,890,2,459020.523,7326914.158,3005.408
50,890,3,459019.481,7326917.701,3011.801
50,890,4,459018.994,7326919.362,3014.798
50,890,5,459018.640,7326920.558,3016.956
50,890,6,459018.161,7326922.177,3019.874
50,890,7,459017.556,7326924.218,3023.554
50,890,8,459017.254,7326925.239,3025.395
50,890,9,459016.326,7326928.326,3030.948
50,890,10,459014.930,7326932.979,3039.321
50,890,11,459014.442,7326934.628,3042.295
50,890,12,459013.558,7326937.674,3047.799
50,890,13,459011.837,7326943.586,3058.479
50,890,14,459010.141,7326949.450,3069.083
50,890,15,459008.528,7326955.042,3079.198
50,890,16,459007.610,7326958.234,3084.974
50,890,17,459007.323,7326959.247,3086.811
50,890,18,459006.924,7326960.400,3088.844
50,890,19,459005.425,7326965.281,3097.603
50,890,20,459002.376,7326975.695,3116.407
50,890,21,458999.073,7326987.140,3137.113
70,900,0,459250.988,7326896.828,2964.472
70,900,1,459250.490,7326902.513,2976.197
70,900,2,459249.941,7326908.699,2988.950
70,900,3,459249.647,7326912.016,2995.790
70,900,4,459249.516,7326913.525,2998.903
70,900,5,459249.424,7326914.579,3001.077
70,900,6,459249.300,7326916.011,3004.030
70,900,7,459249.141,7326917.821,3007.763
70,900,8,459249.062,7326918.726,3009.629
70,900,9,459248.832,7326921.348,3015.035
70,900,10,459248.481,7326925.346,3023.275
70,900,11,459248.352,7326926.807,3026.288
70,900,12,459248.094,7326929.683,3032.214
70,900,13,459247.590,7326935.264,3043.714
70,900,14,459247.085,7326940.850,3055.223
70,900,15,459246.603,7326946.188,3066.222
70,900,16,459246.329,7326949.237,3072.504
70,900,17,459246.242,7326950.211,3074.514
70,900,18,459246.197,7326950.790,3075.709
70,900,19,459245.859,7326954.642,3083.644
70,900,20,459245.042,7326963.872,3102.667
70,900,21,459244.122,7326974.351,3124.277
60,900,0,459176.692,7326899.208,2971.169
60,900,1,459176.311,7326904.779,2982.618
60,900,2,459175.902,7326910.779,2994.949
60,900,3,459175.688,7326913.968,3001.508
60,900,4,459175.591,7326915.424,3004.505
60,900,5,459175.522,7326916.452,3006.617
60,900,6,459175.428,7326917.842,3009.476
60,900,7,459175.310,7326919.596,3013.081
60,900,8,459175.250,7326920.473,3014.883
60,900,9,459175.073,7326923.044,3020.161
60,900,10,459174.804,7326926.941,3028.164
60,900,11,459174.710,7326928.347,3031.055
60,900,12,459174.535,7326931.037,3036.594
60,900,13,459174.195,7326936.244,3047.317
60,900,14,459173.860,7326941.424,3057.989
60,900,15,459173.544,7326946.359,3068.159
60,900,16,459173.365,7326949.173,3073.959
60,900,17,459173.308,7326950.072,3075.814
60,900,18,459173.242,7326950.793,3077.272
60,900,19,459172.973,7326954.587,3085.045
60,900,20,459172.405,7326963.268,3102.911
60,900,21,459171.779,7326973.048,3123.068
80,910,0,459393.460,7326907.326,2951.269
80,910,1,459391.772,7326913.221,2962.892
80,910,2,459389.919,7326919.692,2975.638
80,910,3,459388.923,7326923.171,2982.496
80,910,4,459388.473,7326924.742,2985.595
80,910,5,459388.162,7326925.829,2987.739
80,910,6,459387.737,7326927.313,2990.664
80,910,7,459387.198,7326929.193,2994.371
80,910,8,459386.929,7326930.134,2996.224
80,910,9,459386.156,7326932.835,3001.546
80,910,10,459384.970,7326936.975,3009.700
80,910,11,459384.533,7326938.504,3012.713
80,910,12,459383.648,7326941.595,3018.796
80,910,13,459381.918,7326947.640,3030.682
80,910,14,459380.175,7326953.735,3042.664
80,910,15,459378.506,7326959.569,3054.134
80,910,16,459377.551,7326962.905,3060.693
80,910,17,459377.247,7326963.968,3062.786
80,910,18,459377.097,7326964.491,3063.816
80,910,19,459375.971,7326968.425,3071.552
80,910,20,459373.192,7326978.133,3090.665
80,910,21,459370.008,7326989.252,3112.575
70,910,0,459327.826,7326898.446,2958.986
70,910,1,459326.662,7326903.994,2970.374
70,910,2,459325.394,7326910.036,2982.771
70,910,3,459324.710,7326913.274,2989.416
70,910,4,459324.400,7326914.743,2992.431
70,910,5,459324.184,7326915.766,2994.533
70,910,6,459323.891,7326917.158,2997.390
70,910,7,459323.521,7326918.918,3001.001
70,910,8,459323.336,7326919.798,3002.807
70,910,9,459322.803,7326922.344,3008.031
70,910,10,459321.991,7326926.227,3015.997
70,910,11,459321.691,7326927.648,3018.912
70,910,12,459321.096,7326930.450,3024.658
70,910,13,459319.941,7326935.888,3035.809
70,910,14,459318.783,7326941.329,3046.967
70,910,15,459317.675,7326946.528,3057.627
70,910,16,459317.041,7326949.497,3063.714
70,910,17,459316.836,7326950.445,3065.660
70,910,18,459316.732,7326951.000,3066.800
70,910,19,459315.966,7326954.726,3074.439
70,910,20,459314.078,7326963.677,3092.797
70,910,21,459311.909,7326973.854,3113.681
80,920,0,459468.337,7326886.148,2887.025
80,920,1,459466.862,7326892.245,2898.582
80,920,2,459465.230,7326898.982,2911.348
80,920,3,459464.345,7326902.653,2918.309
80,920,4,459463.943,7326904.327,2921.485
80,920,5,459463.669,7326905.462,2923.637
80,920,6,459463.295,7326907.011,2926.574
80,920,7,459462.820,7326908.975,2930.298
80,920,8,459462.582,7326909.957,2932.160
80,920,9,459461.915,7326912.698,2937.354
80,920,10,459460.884,7326916.934,2945.382
80,920,11,459460.497,7326918.537,2948.421
80,920,12,459459.682,7326921.931,2954.859
80,920,13,459458.088,7326928.563,2967.436
80,920,14,459456.475,7326935.279,2980.173
80,920,15,459454.930,7326941.710,2992.372
80,920,16,459454.044,7326945.401,2999.373
80,920,17,459453.760,7326946.597,3001.644
80,920,18,459453.621,7326947.175,3002.741
80,920,19,459452.688,7326950.940,3009.869
80,920,20,459450.278,7326960.842,3028.639
80,920,21,459447.376,7326972.969,3051.665
90,930,0,459580.608,7326980.420,2881.234
90,930,1,459579.823,7326987.157,2893.244
90,930,2,459578.949,7326994.696,2906.681
90,930,3,459578.472,7326998.795,2913.987
90,930,4,459578.256,7327000.628,2917.257
90,930,5,459578.112,7327001.842,2919.423
90,930,6,459577.916,7327003.509,2922.396
90,930,7,459577.667,7327005.627,2926.173
90,930,8,459577.543,7327006.686,2928.062
90,930,9,459577.205,7327009.548,2933.166
90,930,10,459576.680,7327014.015,2941.131
90,930,11,459576.477,7327015.731,2944.192
90,930,12,459576.030,7327019.555,2951.011
90,930,13,459575.166,7327026.962,2964.217
90,930,14,459574.296,7327034.423,2977.520
90,930,15,459573.459,7327041.626,2990.360
90,930,16,459572.977,7327045.774,2997.754
90,930,17,459572.820,7327047.107,3000.132
90,930,18,459572.747,7327047.730,3001.243
90,930,19,459572.319,7327051.385,3007.757
90,930,20,459571.121,7327061.578,3025.932
90,930,21,459569.585,7327074.654,3049.253
80,930,0,459508.439,7326971.575,2884.738
80,930,1,459507.201,7326978.055,2896.592
80,930,2,459505.826,7326985.237,2909.731
80,930,3,459505.084,7326989.133,2916.858
80,930,4,459504.750,7326990.893,2920.075
80,930,5,459504.524,7326992.075,2922.238
80,930,6,459504.215,7326993.693,2925.197
80,930,7,459503.823,7326995.746,2928.953
80,930,8,459503.626,7326996.773,2930.831
80,930,9,459503.080,7326999.609,2936.021
80,930,10,459502.233,7327004.006,2944.068
80,930,11,459501.914,7327005.677,2947.125
80,930,12,459501.231,7327009.273,2953.700
80,930,13,459499.897,7327016.284,2966.522
80,930,14,459498.550,7327023.366,2979.472
80,930,15,459497.258,7327030.156,2991.889
80,930,16,459496.517,7327034.052,2999.013
80,930,17,459496.281,7327035.303,3001.300
80,930,18,459496.170,7327035.891,3002.374
80,930,19,459495.430,7327039.647,3009.257
80,930,20,459493.491,7327049.672,3027.605
80,930,21,459491.131,7327062.097,3050.323
100,930,0,459681.880,7326907.450,2874.510
100,930,1,459682.016,7326914.281,2886.457
100,930,2,459682.169,7326921.945,2899.852
100,930,3,459682.252,7326926.109,2907.136
100,930,4,459682.288,7326927.959,2910.379
100,930,5,459682.311,7326929.171,2912.502
100,930,6,459682.343,7326930.832,2915.410
100,930,7,459682.384,7326932.941,2919.102
100,930,8,459682.404,7326933.996,2920.948
100,930,9,459682.456,7326936.787,2925.833
100,930,10,459682.538,7326941.157,2933.482
100,930,11,459682.570,7326942.852,2936.450
100,930,12,459682.646,7326946.712,2943.207
100,930,13,459682.793,7326954.214,2956.334
100,930,14,459682.942,7326961.814,2969.634
100,930,15,459683.086,7326969.156,2982.478
100,930,16,459683.168,7326973.380,2989.867
100,930,17,459683.194,7326974.732,2992.237
100,930,18,459683.206,7326975.359,2993.335
100,930,19,459683.265,7326978.773,2999.296
100,930,20,459683.440,7326988.609,3016.500
100,930,21,459683.682,7327001.713,3039.448
100,940,0,459749.179,7326905.363,2872.050
100,940,1,459749.927,7326912.362,2884.175
100,940,2,459750.755,7326920.223,2897.786
100,940,3,459751.210,7326924.482,2905.164
100,940,4,459751.416,7326926.364,2908.426
100,940,5,459751.546,7326927.580,2910.533
100,940,6,459751.722,7326929.244,2913.416
100,940,7,459751.944,7326931.358,2917.076
100,940,8,459752.055,7326932.414,2918.905
100,940,9,459752.330,7326935.150,2923.638
100,940,10,459752.765,7326939.451,2931.079
100,940,11,459752.939,7326941.130,2933.987
100,940,12,459753.357,7326945.041,2940.764
100,940,13,459754.161,7326952.630,2953.911
100,940,14,459754.965,7326960.276,2967.155
100,940,15,459755.724,7326967.618,2979.867
100,940,16,459756.157,7326971.826,2987.151
100,940,17,459756.298,7326973.163,2989.468
100,940,18,459756.362,7326973.778,2990.533
100,940,19,459756.622,7326976.921,2995.946
100,940,20,459757.481,7326986.207,3011.981
100,940,21,459758.738,7326998.820,3033.805
110,950,0,459877.962,7326978.804,2877.393
110,950,1,459879.690,7326985.806,2888.973
110,950,2,459881.663,7326993.775,2902.149
110,950,3,459882.731,7326998.095,2909.293
110,950,4,459883.192,7326999.968,2912.390
110,950,5,459883.483,7327001.150,2914.346
110,950,6,459883.882,7327002.773,2917.029
110,950,7,459884.390,7327004.835,2920.440
110,950,8,459884.644,7327005.867,2922.145
110,950,9,459885.268,7327008.406,2926.343
110,950,10,459886.262,7327012.443,2933.017
110,950,11,459886.657,7327014.049,2935.672
110,950,12,459887.642,7327018.032,2942.257
110,950,13,459889.561,7327025.780,2955.063
110,950,14,459891.468,7327033.480,2967.791
110,950,15,459893.258,7327040.711,2979.743
110,950,16,459894.274,7327044.816,2986.528
110,950,17,459894.591,7327046.100,2988.650
110,950,18,459894.734,7327046.681,2989.611
110,950,19,459895.340,7327049.149,2993.685
110,950,20,459897.284,7327057.053,3006.743
110,950,21,459900.110,7327068.508,3025.673
100,950,0,459795.419,7326980.863,2879.620
100,950,1,459796.480,7326988.000,2891.552
100,950,2,459797.669,7326996.044,2904.999
100,950,3,459798.316,7327000.390,2912.264
100,950,4,459798.603,7327002.295,2915.448
100,950,5,459798.784,7327003.514,2917.486
100,950,6,459799.031,7327005.185,2920.280
100,950,7,459799.343,7327007.307,2923.828
100,950,8,459799.499,7327008.368,2925.602
100,950,9,459799.886,7327011.062,2930.108
100,950,10,459800.497,7327015.315,2937.221
100,950,11,459800.742,7327016.985,2940.012
100,950,12,459801.334,7327020.968,2946.669
100,950,13,459802.476,7327028.677,2959.554
100,950,14,459803.613,7327036.378,2972.424
100,950,15,459804.685,7327043.713,2984.684
100,950,16,459805.296,7327047.900,2991.682
100,950,17,459805.490,7327049.218,2993.885
100,950,18,459805.577,7327049.821,2994.893
100,950,19,459805.950,7327052.723,2999.751
100,950,20,459807.151,7327061.503,3014.438
100,950,21,459808.886,7327073.672,3034.783
120,960,0,460027.816,7326960.629,2871.911
120,960,1,460030.695,7326966.601,2882.442
120,960,2,460033.999,7326973.440,2894.505
120,960,3,460035.779,7326977.132,2901.014
120,960,4,460036.534,7326978.701,2903.780
120,960,5,460037.000,7326979.673,2905.493
120,960,6,460037.642,7326981.008,2907.847
120,960,7,460038.460,7326982.707,2910.841
120,960,8,460038.868,7326983.557,2912.339
120,960,9,460039.832,7326985.566,2915.878
120,960,10,460041.381,7326988.792,2921.561
120,960,11,460042.008,7326990.098,2923.864
120,960,12,460043.654,7326993.513,2929.886
120,960,13,460046.862,7327000.164,2941.616
120,960,14,460050.066,7327006.805,2953.330
120,960,15,460053.087,7327013.065,2964.372
120,960,16,460054.805,7327016.625,2970.652
120,960,17,460055.342,7327017.738,2972.617
120,960,18,460055.583,7327018.238,2973.497
120,960,19,460056.451,7327020.043,2976.676
120,960,20,460059.517,7327026.408,2987.896
120,960,21,460064.275,7327036.263,3005.282
110,960,0,459946.933,7326976.161,2877.436
110,960,1,459949.197,7326982.753,2888.567
110,960,2,459951.779,7326990.302,2901.307
110,960,3,459953.182,7326994.390,2908.210
110,960,4,459953.786,7326996.140,2911.166
110,960,5,459954.161,7326997.235,2913.015
110,960,6,459954.675,7326998.742,2915.558
110,960,7,459955.328,7327000.662,2918.795
110,960,8,459955.655,7327001.622,2920.414
110,960,9,459956.435,7327003.949,2924.334
110,960,10,459957.686,7327007.672,2930.604
110,960,11,459958.194,7327009.168,2933.128
110,960,12,459959.510,7327012.994,2939.590
110,960,13,459962.072,7327020.457,2952.193
110,960,14,459964.632,7327027.904,2964.770
110,960,15,459967.039,7327034.910,2976.604
110,960,16,459968.407,7327038.891,2983.328
110,960,17,459968.837,7327040.132,2985.425
110,960,18,459969.029,7327040.691,2986.369
110,960,19,459969.725,7327042.895,2990.056
110,960,20,459972.174,7327050.266,3002.457
110,960,21,459975.939,7327061.277,3021.045
120,970,0,460093.628,7326954.633,2869.522
120,970,1,460097.111,7326960.114,2879.884
120,970,2,460101.141,7326966.470,2891.890
120,970,3,460103.323,7326969.898,2898.373
120,970,4,460104.241,7326971.334,2901.093
120,970,5,460104.801,7326972.216,2902.759
120,970,6,460105.568,7326973.429,2905.049
120,970,7,460106.542,7326974.973,2907.961
120,970,8,460107.029,7326975.745,2909.417
120,970,9,460108.129,7326977.518,2912.744
120,970,10,460109.911,7326980.382,2918.122
120,970,11,460110.646,7326981.550,2920.324
120,970,12,460112.639,7326984.682,2926.247
120,970,13,460116.524,7326990.800,2937.807
120,970,14,460120.413,7326996.916,2949.368
120,970,15,460124.083,7327002.688,2960.279
120,970,16,460126.172,7327005.974,2966.488
120,970,17,460126.825,7327006.994,2968.421
120,970,18,460127.114,7327007.450,2969.281
120,970,19,460128.000,7327008.974,2972.085
120,970,20,460131.450,7327014.589,2982.588
120,970,21,460137.093,7327023.532,2999.448
130,980,0,460204.108,7326990.852,2862.895
130,980,1,460207.884,7326994.925,2872.897
130,980,2,460212.368,7326999.744,2884.831
130,980,3,460214.791,7327002.350,2891.262
130,980,4,460215.779,7327003.418,2893.862
130,980,5,460216.365,7327004.053,2895.402
130,980,6,460217.173,7327004.928,2897.529
130,980,7,460218.203,7327006.041,2900.244
130,980,8,460218.718,7327006.597,2901.601
130,980,9,460219.764,7327007.741,2904.322
130,980,10,460221.498,7327009.631,2908.842
130,980,11,460222.238,7327010.437,2910.774
130,980,12,460224.461,7327012.825,2916.671
130,980,13,460228.805,7327017.492,2928.209
130,980,14,460233.155,7327022.168,2939.740
130,980,15,460237.284,7327026.607,2950.683
130,980,16,460239.654,7327029.156,2956.964
130,980,17,460240.394,7327029.954,2958.916
130,980,18,460240.718,7327030.304,2959.771
130,980,19,460241.405,7327031.063,2961.548
130,980,20,460244.777,7327034.740,2970.359
130,980,21,460250.887,7327041.360,2986.390
120,980,0,460126.693,7327003.942,2872.492
120,980,1,460130.500,7327009.271,2882.758
120,980,2,460134.959,7327015.512,2894.779
120,980,3,460137.369,7327018.868,2901.251
120,980,4,460138.368,7327020.255,2903.928
120,980,5,460138.971,7327021.096,2905.549
120,980,6,460139.799,7327022.253,2907.780
120,980,7,460140.852,7327023.728,2910.620
120,980,8,460141.379,7327024.466,2912.041
120,980,9,460142.517,7327026.086,2915.150
120,980,10,460144.379,7327028.728,2920.223
120,980,11,460145.159,7327029.823,2922.331
120,980,12,460147.361,7327032.882,2928.233
120,980,13,460151.665,7327038.866,2939.777
120,980,14,460155.987,7327044.862,2951.351
120,980,15,460160.085,7327050.549,2962.328
120,980,16,460162.430,7327053.801,2968.606
120,980,17,460163.163,7327054.816,2970.565
120,980,18,460163.487,7327055.265,2971.433
120,980,19,460164.346,7327056.568,2973.896
120,980,20,460168.005,7327061.817,2983.950
120,980,21,460174.271,7327070.601,3000.865
140,990,0,460399.773,7327048.424,2842.134
140,990,1,460402.685,7327050.473,2852.024
140,990,2,460406.264,7327053.010,2864.183
140,990,3,460408.201,7327054.379,2870.755
140,990,4,460408.958,7327054.907,2873.324
140,990,5,460409.390,7327055.208,2874.791
140,990,6,460409.985,7327055.624,2876.815
140,990,7,460410.745,7327056.155,2879.396
140,990,8,460411.124,7327056.421,2880.686
140,990,9,460411.747,7327056.846,2882.809
140,990,10,460412.824,7327057.585,2886.479
140,990,11,460413.318,7327057.925,2888.160
140,990,12,460415.130,7327059.199,2894.312
140,990,13,460418.680,7327061.701,2906.363
140,990,14,460422.229,7327064.199,2918.398
140,990,15,460425.564,7327066.544,2929.718
140,990,16,460427.454,7327067.870,2936.140
140,990,17,460428.024,7327068.266,2938.077
140,990,18,460428.268,7327068.436,2938.910
140,990,19,460428.473,7327068.564,2939.643
140,990,20,460430.459,7327069.920,2946.444
140,990,21,460434.707,7327072.850,2960.903
130,990,0,460294.746,7327016.092,2856.182
130,990,1,460297.864,7327018.626,2866.036
130,990,2,460301.604,7327021.661,2877.896
130,990,3,460303.616,7327023.281,2884.290
130,990,4,460304.424,7327023.927,2886.850
130,990,5,460304.899,7327024.311,2888.352
130,990,6,460305.557,7327024.844,2890.426
130,990,7,460306.397,7327025.527,2893.073
130,990,8,460306.816,7327025.868,2894.396
130,990,9,460307.637,7327026.555,2896.928
130,990,10,460309.007,7327027.696,2901.174
130,990,11,460309.596,7327028.179,2903.018
130,990,12,460311.464,7327029.671,2908.972
130,990,13,460315.115,7327032.590,2920.602
130,990,14,460318.748,7327035.490,2932.182
130,990,15,460322.189,7327038.241,2943.133
130,990,16,460324.162,7327039.823,2949.407
130,990,17,460324.774,7327040.314,2951.345
130,990,18,460325.041,7327040.530,2952.190
130,990,19,460325.556,7327041.020,2953.682
130,990,20,460328.242,7327043.302,2961.940
130,990,21,460333.225,7327047.387,2977.549
150,990,0,460515.330,7326978.143,2836.505
150,990,1,460518.684,7326980.105,2846.171
150,990,2,460522.831,7326982.557,2858.126
150,990,3,460525.049,7326983.855,2864.525
150,990,4,460525.905,7326984.344,2866.993
150,990,5,460526.386,7326984.616,2868.381
150,990,6,460527.047,7326984.991,2870.290
150,990,7,460527.888,7326985.471,2872.722
150,990,8,460528.309,7326985.711,2873.938
150,990,9,460528.913,7326986.023,2875.693
150,990,10,460529.990,7326986.594,2878.819
150,990,11,460530.510,7326986.876,2880.323
150,990,12,460532.598,7326988.094,2886.344
150,990,13,460536.700,7326990.495,2898.165
150,990,14,460540.819,7326992.907,2910.029
150,990,15,460544.701,7326995.180,2921.206
150,990,16,460546.902,7326996.467,2927.541
150,990,17,460547.562,7326996.848,2929.438
150,990,18,460547.843,7326997.010,2930.247
150,990,19,460547.983,7326997.061,2930.659
150,990,20,460549.979,7326998.127,2936.440
150,990,21,460554.587,7327000.697,2949.731
160,990,0,460643.207,7326915.330,2875.552
160,990,1,460647.006,7326917.454,2885.810
160,990,2,460651.869,7326920.252,2898.785
160,990,3,460654.503,7326921.749,2905.816
160,990,4,460655.496,7326922.291,2908.500
160,990,5,460656.033,7326922.580,2909.961
160,990,6,460656.769,7326922.983,2911.948
160,990,7,460657.702,7326923.499,2914.461
160,990,8,460658.168,7326923.757,2915.718
160,990,9,460658.619,7326923.950,2917.033
160,990,10,460659.500,7326924.358,2919.551
160,990,11,460659.987,7326924.596,2920.920
160,990,12,460662.431,7326925.986,2927.440
160,990,13,460667.214,7326928.720,2940.176
160,990,14,460672.011,7326931.454,2952.964
160,990,15,460676.525,7326934.030,2964.996
160,990,16,460679.080,7326935.485,2971.810
160,990,17,460679.838,7326935.907,2973.847
160,990,18,460680.155,7326936.083,2974.700
160,990,19,460680.155,7326936.083,2974.702
160,990,20,460681.780,7326936.881,2979.249
160,990,21,460686.358,7326939.271,2991.787
170,1000,0,460911.650,7327045.451,2858.115
170,1000,1,460917.030,7327050.797,2866.158
170,1000,2,460924.501,7327058.281,2877.089
170,1000,3,460928.700,7327062.481,2883.244
170,1000,4,460930.201,7327063.969,2885.494
170,1000,5,460930.984,7327064.741,2886.679
170,1000,6,460932.068,7327065.816,2888.300
170,1000,7,460933.451,7327067.192,2890.358
170,1000,8,460934.143,7327067.880,2891.386
170,1000,9,460934.433,7327068.131,2891.956
170,1000,10,460935.167,7327068.806,2893.256
170,1000,11,460935.688,7327069.300,2894.119
170,1000,12,460939.664,7327073.279,2899.929
170,1000,13,460947.454,7327081.085,2911.257
170,1000,14,460955.186,7327088.831,2922.489
170,1000,15,460962.377,7327096.039,2932.918
170,1000,16,460966.405,7327100.075,2938.763
170,1000,17,460967.564,7327101.229,2940.467
170,1000,18,460968.045,7327101.708,2941.174
170,1000,19,460968.045,7327101.708,2941.174
170,1000,20,460969.630,7327103.221,2943.779
170,1000,21,460975.476,7327108.957,2952.716
160,1000,0,460744.850,7326939.407,2868.255
160,1000,1,460749.108,7326942.880,2877.682
160,1000,2,460754.628,7326947.418,2889.787
160,1000,3,460757.649,7326949.913,2896.352
160,1000,4,460758.779,7326950.843,2898.814
160,1000,5,460759.385,7326951.339,2900.141
160,1000,6,460760.207,7326952.013,2901.945
160,1000,7,460761.246,7326952.864,2904.227
160,1000,8,460761.765,7326953.290,2905.368
160,1000,9,460762.180,7326953.604,2906.367
160,1000,10,460763.044,7326954.274,2908.393
160,1000,11,460763.565,7326954.689,2909.574
160,1000,12,460766.389,7326957.024,2915.702
160,1000,13,460771.881,7326961.560,2927.645
160,1000,14,460777.344,7326966.061,2939.561
160,1000,15,460782.439,7326970.253,2950.713
160,1000,16,460785.307,7326972.610,2957.002
160,1000,17,460786.155,7326973.305,2958.862
160,1000,18,460786.508,7326973.594,2959.638
160,1000,19,460786.508,7326973.594,2959.640
160,1000,20,460788.093,7326974.836,2963.329
160,1000,21,460792.851,7326978.659,2974.048
180,1000,0,461031.820,7326973.515,2845.637
180,1000,1,461037.569,7326978.713,2852.696
180,1000,2,461045.858,7326986.269,2862.636
180,1000,3,461050.600,7326990.590,2868.327
180,1000,4,461052.268,7326992.097,2870.376
180,1000,5,461053.122,7326992.867,2871.436
180,1000,6,461054.302,7326993.936,2872.885
180,1000,7,461055.810,7326995.304,2874.722
180,1000,8,461056.563,7326995.988,2875.640
180,1000,9,461056.745,7326996.129,2875.960
180,1000,10,461057.277,7326996.574,2876.781
180,1000,11,461057.718,7326996.953,2877.409
180,1000,12,461062.275,7327001.106,2882.882
180,1000,13,461071.303,7327009.350,2893.657
180,1000,14,461080.407,7327017.669,2904.492
180,1000,15,461088.931,7327025.462,2914.615
180,1000,16,461093.717,7327029.836,2920.300
180,1000,17,461095.088,7327031.084,2921.951
180,1000,18,461095.654,7327031.599,2922.632
180,1000,19,461095.654,7327031.599,2922.632
180,1000,20,461097.019,7327032.793,2924.509
180,1000,21,461103.449,7327038.594,2932.483
190,1010,0,461273.354,7327080.837,2783.452
190,1010,1,461279.797,7327087.198,2789.773
190,1010,2,461289.530,7327096.827,2799.327
190,1010,3,461295.061,7327102.297,2804.757
190,1010,4,461296.911,7327104.122,2806.571
190,1010,5,461297.821,7327105.019,2807.464
190,1010,6,461299.078,7327106.257,2808.696
190,1010,7,461300.680,7327107.837,2810.267
190,1010,8,461301.481,7327108.627,2811.053
190,1010,9,461301.516,7327108.659,2811.084
190,1010,10,461301.717,7327108.849,2811.276
190,1010,11,461301.980,7327109.100,2811.530
190,1010,12,461306.995,7327114.052,2816.450
190,1010,13,461316.970,7327123.901,2826.238
190,1010,14,461326.978,7327133.780,2836.057
190,1010,15,461336.303,7327142.988,2845.204
190,1010,16,461341.547,7327148.167,2850.345
190,1010,17,461343.018,7327149.618,2851.787
190,1010,18,461343.620,7327150.211,2852.376
190,1010,19,461343.620,7327150.211,2852.376
190,1010,20,461344.301,7327150.861,2853.034
190,1010,21,461350.506,7327156.969,2859.104
180,1010,0,461158.228,7327030.113,2822.081
180,1010,1,461164.426,7327036.142,2828.183
180,1010,2,461173.544,7327045.013,2837.156
180,1010,3,461178.793,7327050.120,2842.324
180,1010,4,461180.621,7327051.898,2844.124
180,1010,5,461181.548,7327052.800,2845.038
180,1010,6,461182.825,7327054.043,2846.296
180,1010,7,461184.452,7327055.626,2847.900
180,1010,8,461185.266,7327056.418,2848.702
180,1010,9,461185.301,7327056.450,2848.734
180,1010,10,461185.616,7327056.754,2849.042
180,1010,11,461185.997,7327057.124,2849.419
180,1010,12,461191.045,7327062.037,2854.394
180,1010,13,461201.103,7327071.827,2864.308
180,1010,14,461211.281,7327081.733,2874.338
180,1010,15,461220.765,7327090.963,2883.681
180,1010,16,461226.071,7327096.126,2888.907
180,1010,17,461227.581,7327097.595,2890.395
180,1010,18,461228.204,7327098.201,2891.008
180,1010,19,461228.204,7327098.201,2891.008
180,1010,20,461229.349,7327099.314,2892.140
180,1010,21,461235.958,7327105.740,2898.646
200,1010,0,461376.860,7326984.660,2763.086
200,1010,1,461383.253,7326991.346,2769.751
200,1010,2,461393.266,7327001.809,2780.098
200,1010,3,461398.961,7327007.763,2786.003
200,1010,4,461400.807,7327009.695,2787.939
200,1010,5,461401.692,7327010.623,2788.875
200,1010,6,461402.917,7327011.904,2790.159
200,1010,7,461404.479,7327013.538,2791.792
200,1010,8,461405.260,7327014.355,2792.609
200,1010,9,461405.260,7327014.355,2792.609
200,1010,10,461405.335,7327014.433,2792.697
200,1010,11,461405.503,7327014.609,2792.891
200,1010,12,461410.502,7327019.839,2798.106
200,1010,13,461420.390,7327030.179,2808.407
200,1010,14,461430.267,7327040.509,2818.709
200,1010,15,461439.540,7327050.205,2828.365
200,1010,16,461444.780,7327055.685,2833.811
200,1010,17,461446.236,7327057.208,2835.333
200,1010,18,461446.829,7327057.828,2835.953
200,1010,19,461446.829,7327057.828,2835.953
200,1010,20,461447.145,7327058.158,2836.330
200,1010,21,461453.096,7327064.383,2842.551
210,1020,0,461635.630,7327105.782,2702.437
210,1020,1,461641.056,7327111.510,2708.223
210,1020,2,461650.142,7327121.091,2717.902
210,1020,3,461655.351,7327126.588,2723.457
210,1020,4,461656.949,7327128.278,2725.166
210,1020,5,461657.682,7327129.054,2725.952
210,1020,6,461658.701,7327130.132,2727.041
210,1020,7,461660.006,7327131.510,2728.434
210,1020,8,461660.659,7327132.199,2729.130
210,1020,9,461660.659,7327132.199,2729.130
210,1020,10,461660.667,7327132.208,2729.138
210,1020,11,461660.753,7327132.301,2729.232
210,1020,12,461664.981,7327136.766,2733.743
210,1020,13,461673.299,7327145.549,2742.611
210,1020,14,461681.744,7327154.464,2751.610
210,1020,15,461689.760,7327162.922,2760.141
210,1020,16,461694.225,7327167.632,2764.890
210,1020,17,461695.444,7327168.919,2766.187
210,1020,18,461695.938,7327169.440,2766.713
210,1020,19,461695.938,7327169.440,2766.713
210,1020,20,461695.975,7327169.481,2766.749
210,1020,21,461700.921,7327174.701,2772.011
200,1020,0,461503.390,7327042.389,2731.182
200,1020,1,461509.514,7327048.851,2737.354
200,1020,2,461519.374,7327059.243,2747.271
200,1020,3,461525.001,7327065.178,2752.947
200,1020,4,461526.787,7327067.065,2754.758
200,1020,5,461527.630,7327067.957,2755.617
200,1020,6,461528.798,7327069.191,2756.800
200,1020,7,461530.291,7327070.768,2758.308
200,1020,8,461531.037,7327071.556,2759.062
200,1020,9,461531.037,7327071.556,2759.062
200,1020,10,461531.045,7327071.564,2759.069
200,1020,11,461531.140,7327071.666,2759.169
200,1020,12,461535.956,7327076.751,2764.034
200,1020,13,461545.446,7327086.765,2773.606
200,1020,14,461554.901,7327096.744,2783.145
200,1020,15,461563.810,7327106.143,2792.125
200,1020,16,461568.844,7327111.453,2797.192
200,1020,17,461570.228,7327112.914,2798.588
200,1020,18,461570.791,7327113.508,2799.157
200,1020,19,461570.791,7327113.508,2799.157
200,1020,20,461570.839,7327113.561,2799.203
200,1020,21,461576.434,7327119.466,2804.841
220,1020,0,461764.350,7327031.964,2681.744
220,1020,1,461768.410,7327036.542,2686.941
220,1020,2,461775.513,7327044.513,2695.888
220,1020,3,461779.633,7327049.146,2701.106
220,1020,4,461780.847,7327050.522,2702.686
220,1020,5,461781.385,7327051.135,2703.400
220,1020,6,461782.140,7327051.991,2704.384
220,1020,7,461783.114,7327053.091,2705.639
220,1020,8,461783.601,7327053.641,2706.267
220,1020,9,461783.601,7327053.641,2706.267
220,1020,10,461783.601,7327053.641,2706.267
220,1020,11,461783.656,7327053.708,2706.354
220,1020,12,461786.868,7327057.333,2710.474
220,1020,13,461793.203,7327064.471,2718.561
220,1020,14,461799.733,7327071.815,2726.844
220,1020,15,461806.019,7327078.867,2734.756
220,1020,16,461809.516,7327082.789,2739.150
220,1020,17,461810.457,7327083.847,2740.345
220,1020,18,461810.835,7327084.274,2740.828
220,1020,19,461810.835,7327084.274,2740.828
220,1020,20,461810.835,7327084.274,2740.831
220,1020,21,461814.610,7327088.517,2745.615
230,1030,0,462017.791,7327144.096,2613.791
230,1030,1,462021.788,7327148.729,2618.423
230,1030,2,462029.062,7327157.164,2626.857
230,1030,3,462033.359,7327162.148,2631.842
230,1030,4,462034.587,7327163.570,2633.263
230,1030,5,462035.111,7327164.177,2633.869
230,1030,6,462035.839,7327165.021,2634.712
230,1030,7,462036.772,7327166.101,2635.792
230,1030,8,462037.238,7327166.642,2636.332
230,1030,9,462037.238,7327166.642,2636.332
230,1030,10,462037.238,7327166.642,2636.332
230,1030,11,462037.305,7327166.719,2636.409
230,1030,12,462040.488,7327170.408,2640.097
230,1030,13,462046.708,7327177.618,2647.307
230,1030,14,462052.884,7327184.775,2654.463
230,1030,15,462058.606,7327191.406,2661.094
230,1030,16,462061.762,7327195.063,2664.751
230,1030,17,462062.603,7327196.038,2665.725
230,1030,18,462062.940,7327196.428,2666.116
230,1030,19,462062.940,7327196.428,2666.116
230,1030,20,462062.940,7327196.428,2666.116
230,1030,21,462066.198,7327200.201,2669.887
220,1030,0,461893.014,7327088.734,2647.975
220,1030,1,461897.672,7327093.845,2652.972
220,1030,2,461906.043,7327103.030,2661.951
220,1030,3,461910.921,7327108.388,2667.190
220,1030,4,461912.340,7327109.949,2668.719
220,1030,5,461912.960,7327110.633,2669.389
220,1030,6,461913.824,7327111.582,2670.318
220,1030,7,461914.930,7327112.796,2671.505
220,1030,8,461915.483,7327113.403,2672.099
220,1030,9,461915.483,7327113.403,2672.099
220,1030,10,461915.483,7327113.403,2672.099
220,1030,11,461915.554,7327113.483,2672.178
220,1030,12,461919.205,7327117.489,2676.093
220,1030,13,461926.364,7327125.336,2683.762
220,1030,14,461933.664,7327133.326,2691.566
220,1030,15,461940.621,7327140.929,2698.990
220,1030,16,461944.478,7327145.142,2703.102
220,1030,17,461945.514,7327146.275,2704.209
220,1030,18,461945.932,7327146.731,2704.655
220,1030,19,461945.932,7327146.731,2704.655
220,1030,20,461945.932,7327146.731,2704.655
220,1030,21,461950.049,7327151.227,2709.045
240,1030,0,462136.190,7327064.746,2590.160
240,1030,1,462139.934,7327069.224,2594.856
240,1030,2,462146.876,7327077.523,2603.557
240,1030,3,462151.003,7327082.463,2608.739
240,1030,4,462152.149,7327083.844,2610.193
240,1030,5,462152.624,7327084.419,2610.801
240,1030,6,462153.286,7327085.218,2611.642
240,1030,7,462154.137,7327086.240,2612.716
240,1030,8,462154.562,7327086.752,2613.253
240,1030,9,462154.562,7327086.752,2613.253
240,1030,10,462154.562,7327086.752,2613.253
240,1030,11,462154.627,7327086.832,2613.339
240,1030,12,462157.618,7327090.411,2617.090
240,1030,13,462163.465,7327097.399,2624.405
240,1030,14,462169.231,7327104.289,2631.617
240,1030,15,462174.522,7327110.610,2638.234
240,1030,16,462177.430,7327114.083,2641.871
240,1030,17,462178.202,7327115.008,2642.841
240,1030,18,462178.510,7327115.378,2643.230
240,1030,19,462178.510,7327115.378,2643.230
240,1030,20,462178.510,7327115.378,2643.230
240,1030,21,462181.448,7327118.898,2646.923
250,1040,0,462379.164,7327187.396,2519.322
250,1040,1,462382.526,7327192.006,2523.784
250,1040,2,462388.833,7327200.639,2532.144
250,1040,3,462392.571,7327205.727,2537.080
250,1040,4,462393.556,7327207.043,2538.364
250,1040,5,462393.944,7327207.552,2538.864
250,1040,6,462394.491,7327208.279,2539.575
250,1040,7,462395.197,7327209.224,2540.497
250,1040,8,462395.550,7327209.697,2540.958
250,1040,9,462395.550,7327209.697,2540.958
250,1040,10,462395.550,7327209.697,2540.958
250,1040,11,462395.609,7327209.770,2541.031
250,1040,12,462398.257,7327213.334,2544.502
250,1040,13,462403.529,7327220.426,2551.411
250,1040,14,462408.883,7327227.615,2558.422
250,1040,15,462413.886,7327234.341,2564.978
250,1040,16,462416.665,7327238.079,2568.622
250,1040,17,462417.406,7327239.070,2569.590
250,1040,18,462417.701,7327239.462,2569.973
250,1040,19,462417.701,7327239.462,2569.973
250,1040,20,462417.701,7327239.462,2569.973
250,1040,21,462420.507,7327243.222,2573.642
240,1040,0,462261.535,7327127.536,2553.097
240,1040,1,462265.205,7327131.731,2557.350
240,1040,2,462272.116,7327139.635,2565.362
240,1040,3,462276.261,7327144.377,2570.171
240,1040,4,462277.390,7327145.671,2571.484
240,1040,5,462277.847,7327146.196,2572.016
240,1040,6,462278.491,7327146.934,2572.765
240,1040,7,462279.321,7327147.885,2573.728
240,1040,8,462279.736,7327148.360,2574.210
240,1040,9,462279.736,7327148.360,2574.210
240,1040,10,462279.736,7327148.360,2574.210
240,1040,11,462279.800,7327148.434,2574.285
240,1040,12,462282.853,7327151.931,2577.831
240,1040,13,462288.917,7327158.877,2584.876
240,1040,14,462295.014,7327165.863,2591.964
240,1040,15,462300.650,7327172.321,2598.516
240,1040,16,462303.762,7327175.885,2602.133
240,1040,17,462304.588,7327176.833,2603.095
240,1040,18,462304.918,7327177.211,2603.479
240,1040,19,462304.918,7327177.211,2603.479
240,1040,20,462304.918,7327177.211,2603.479
240,1040,21,462308.035,7327180.784,2607.106
260,1040,0,462503.686,7327132.416,2503.059
260,1040,1,462505.948,7327137.651,2507.571
260,1040,2,462510.228,7327147.558,2516.113
260,1040,3,462512.777,7327153.421,2521.182
260,1040,4,462513.433,7327154.883,2522.460
260,1040,5,462513.684,7327155.424,2522.938
260,1040,6,462514.040,7327156.207,2523.626
260,1040,7,462514.501,7327157.232,2524.522
260,1040,8,462514.731,7327157.745,2524.970
260,1040,9,462514.731,7327157.745,2524.970
260,1040,10,462514.731,7327157.745,2524.970
260,1040,11,462514.772,7327157.828,2525.045
260,1040,12,462516.529,7327161.779,2528.483
260,1040,13,462520.017,7327169.610,2535.298
260,1040,14,462523.564,7327177.544,2542.208
260,1040,15,462526.898,7327185.013,2548.710
260,1040,16,462528.758,7327189.181,2552.339
260,1040,17,462529.254,7327190.283,2553.301
260,1040,18,462529.451,7327190.715,2553.680
260,1040,19,462529.451,7327190.715,2553.680
260,1040,20,462529.451,7327190.715,2553.680
260,1040,21,462531.330,7327194.883,2557.321
270,1050,0,462791.447,7327232.056,2459.339
270,1050,1,462793.636,7327238.079,2463.921
270,1050,2,462797.849,7327249.661,2472.732
270,1050,3,462800.351,7327256.554,2477.976
270,1050,4,462800.921,7327258.156,2479.195
270,1050,5,462801.107,7327258.691,2479.602
270,1050,6,462801.390,7327259.493,2480.212
270,1050,7,462801.769,7327260.560,2481.023
270,1050,8,462801.959,7327261.093,2481.429
270,1050,9,462801.959,7327261.093,2481.429
270,1050,10,462801.959,7327261.093,2481.429
270,1050,11,462801.988,7327261.182,2481.496
270,1050,12,462803.564,7327265.551,2484.820
270,1050,13,462806.739,7327274.315,2491.486
270,1050,14,462810.004,7327283.303,2498.322
270,1050,15,462813.091,7327291.798,2504.782
270,1050,16,462814.822,7327296.555,2508.399
270,1050,17,462815.273,7327297.801,2509.346
270,1050,18,462815.445,7327298.280,2509.710
270,1050,19,462815.445,7327298.280,2509.710
270,1050,20,462815.445,7327298.280,2509.710
270,1050,21,462817.041,7327302.712,2513.078
260,1050,0,462650.940,7327174.479,2465.181
260,1050,1,462652.873,7327180.044,2469.591
260,1050,2,462656.562,7327190.680,2478.008
260,1050,3,462658.755,7327197.018,2483.017
260,1050,4,462659.286,7327198.562,2484.236
260,1050,5,462659.476,7327199.115,2484.673
260,1050,6,462659.753,7327199.919,2485.309
260,1050,7,462660.118,7327200.975,2486.144
260,1050,8,462660.300,7327201.502,2486.562
260,1050,9,462660.300,7327201.502,2486.562
260,1050,10,462660.300,7327201.502,2486.562
260,1050,11,462660.331,7327201.595,2486.633
260,1050,12,462661.759,7327205.718,2489.894
260,1050,13,462664.564,7327213.820,2496.301
260,1050,14,462667.387,7327221.977,2502.746
260,1050,15,462670.045,7327229.658,2508.812
260,1050,16,462671.527,7327233.942,2512.195
260,1050,17,462671.917,7327235.070,2513.085
260,1050,18,462672.069,7327235.511,2513.432
260,1050,19,462672.069,7327235.511,2513.432
260,1050,20,462672.069,7327235.511,2513.432
260,1050,21,462673.507,7327239.671,2516.720
280,1060,0,463058.911,7327342.073,2443.130
280,1060,1,463061.332,7327346.122,2447.604
280,1060,2,463066.121,7327354.123,2456.387
280,1060,3,463069.036,7327358.987,2461.662
280,1060,4,463069.679,7327360.057,2462.787
280,1060,5,463069.869,7327360.375,2463.103
280,1060,6,463070.171,7327360.879,2463.626
280,1060,7,463070.585,7327361.569,2464.356
280,1060,8,463070.792,7327361.914,2464.721
280,1060,9,463070.792,7327361.914,2464.721
280,1060,10,463070.792,7327361.914,2464.721
280,1060,11,463070.828,7327361.973,2464.771
280,1060,12,463072.651,7327365.015,2468.028
280,1060,13,463076.266,7327371.047,2474.501
280,1060,14,463079.961,7327377.210,2481.082
280,1060,15,463083.512,7327383.132,2487.377
280,1060,16,463085.525,7327386.489,2490.936
280,1060,17,463086.057,7327387.373,2491.862
280,1060,18,463086.258,7327387.708,2492.209
280,1060,19,463086.258,7327387.708,2492.209
280,1060,20,463086.258,7327387.708,2492.209
280,1060,21,463088.068,7327390.725,2495.365
270,1060,0,462908.900,7327285.994,2437.394
270,1060,1,462911.458,7327291.580,2441.726
270,1060,2,462916.453,7327302.399,2450.128
270,1060,3,462919.471,7327308.859,2455.154
270,1060,4,462920.161,7327310.317,2456.290
270,1060,5,462920.384,7327310.780,2456.652
270,1060,6,462920.723,7327311.497,2457.209
270,1060,7,462921.176,7327312.466,2457.963
270,1060,8,462921.403,7327312.951,2458.340
270,1060,9,462921.403,7327312.951,2458.340
270,1060,10,462921.403,7327312.951,2458.340
270,1060,11,462921.443,7327313.026,2458.400
270,1060,12,462923.368,7327317.130,2461.595
270,1060,13,462927.246,7327325.430,2468.056
270,1060,14,462931.275,7327334.039,2474.760
270,1060,15,462935.135,7327342.269,2481.173
270,1060,16,462937.315,7327346.910,2484.792
270,1060,17,462937.891,7327348.126,2485.741
270,1060,18,462938.112,7327348.590,2486.103
270,1060,19,462938.112,7327348.590,2486.103
270,1060,20,462938.112,7327348.590,2486.103
270,1060,21,462940.126,7327352.885,2489.450
290,1060,0,463144.006,7327314.078,2431.673
290,1060,1,463146.959,7327318.876,2436.780
290,1060,2,463152.863,7327328.439,2446.890
290,1060,3,463156.483,7327334.276,2452.998
290,1060,4,463157.261,7327335.514,2454.268
290,1060,5,463157.478,7327335.850,2454.598
290,1060,6,463157.834,7327336.411,2455.167
290,1060,7,463158.328,7327337.198,2455.974
290,1060,8,463158.575,7327337.591,2456.377
290,1060,9,463158.575,7327337.591,2456.377
290,1060,10,463158.575,7327337.591,2456.377
290,1060,11,463158.617,7327337.654,2456.435
290,1060,12,463160.873,7327341.278,2460.198
290,1060,13,463165.354,7327348.461,2467.605
290,1060,14,463169.969,7327355.817,2475.068
290,1060,15,463174.454,7327362.959,2482.275
290,1060,16,463177.016,7327367.044,2486.407
290,1060,17,463177.696,7327368.128,2487.497
290,1060,18,463177.952,7327368.534,2487.903
290,1060,19,463177.952,7327368.534,2487.903
290,1060,20,463177.952,7327368.534,2487.903
290,1060,21,463180.207,7327372.116,2491.507
300,1070,0,463317.343,7327471.001,2436.121
300,1070,1,463318.293,7327473.831,2440.903
300,1070,2,463320.228,7327479.338,2450.095
300,1070,3,463321.456,7327482.624,2455.473
300,1070,4,463321.744,7327483.327,2456.575
300,1070,5,463321.834,7327483.513,2456.841
300,1070,6,463321.969,7327483.826,2457.319
300,1070,7,463322.149,7327484.265,2458.010
300,1070,8,463322.239,7327484.484,2458.355
300,1070,9,463322.239,7327484.484,2458.355
300,1070,10,463322.239,7327484.484,2458.355
300,1070,11,463322.263,7327484.526,2458.406
300,1070,12,463323.106,7327486.665,2461.843
300,1070,13,463324.823,7327490.834,2468.456
300,1070,14,463326.670,7327494.905,2474.702
300,1070,15,463328.512,7327498.823,2480.634
300,1070,16,463329.593,7327501.144,2484.160
300,1070,17,463329.902,7327501.794,2485.138
300,1070,18,463330.022,7327502.042,2485.506
300,1070,19,463330.022,7327502.042,2485.506
300,1070,20,463330.022,7327502.042,2485.506
300,1070,21,463330.972,7327504.064,2488.548
290,1070,0,463241.362,7327400.078,2431.480
290,1070,1,463243.778,7327404.205,2436.318
290,1070,2,463248.621,7327412.452,2445.970
290,1070,3,463251.585,7327417.478,2451.843
290,1070,4,463252.200,7327418.515,2453.052
290,1070,5,463252.357,7327418.776,2453.353
290,1070,6,463252.632,7327419.237,2453.888
290,1070,7,463253.024,7327419.897,2454.657
290,1070,8,463253.220,7327420.227,2455.041
290,1070,9,463253.220,7327420.227,2455.041
290,1070,10,463253.220,7327420.227,2455.041
290,1070,11,463253.247,7327420.271,2455.092
290,1070,12,463255.107,7327423.416,2458.789
290,1070,13,463258.864,7327429.740,2466.217
290,1070,14,463262.810,7327436.332,2473.932
290,1070,15,463266.691,7327442.798,2481.499
290,1070,16,463268.923,7327446.520,2485.871
290,1070,17,463269.520,7327447.514,2487.045
290,1070,18,463269.743,7327447.885,2487.484
290,1070,19,463269.743,7327447.885,2487.484
290,1070,20,463269.743,7327447.885,2487.484
290,1070,21,463271.661,7327451.079,2491.223
310,1070,0,463366.726,7327459.410,2438.668
310,1070,1,463367.800,7327462.301,2444.091
310,1070,2,463369.790,7327467.462,2454.100
310,1070,3,463370.918,7327470.222,2459.672
310,1070,4,463371.163,7327470.775,2460.789
310,1070,5,463371.229,7327470.899,2461.047
310,1070,6,463371.337,7327471.134,2461.521
310,1070,7,463371.488,7327471.480,2462.213
310,1070,8,463371.564,7327471.653,2462.558
310,1070,9,463371.564,7327471.653,2462.558
310,1070,10,463371.564,7327471.653,2462.558
310,1070,11,463371.580,7327471.675,2462.608
310,1070,12,463372.321,7327473.440,2466.074
310,1070,13,463373.750,7327476.672,2472.482
310,1070,14,463375.099,7327479.332,2477.964
310,1070,15,463376.331,7327481.625,2482.780
310,1070,16,463377.037,7327482.984,2485.587
310,1070,17,463377.235,7327483.363,2486.358
310,1070,18,463377.311,7327483.505,2486.646
310,1070,19,463377.311,7327483.505,2486.646
310,1070,20,463377.311,7327483.505,2486.646
310,1070,21,463377.913,7327484.688,2489.049
320,1080,0,463635.051,7327724.476,2450.673
320,1080,1,463636.419,7327729.515,2457.108
320,1080,2,463638.714,7327737.644,2467.970
320,1080,3,463639.838,7327741.401,2473.355
320,1080,4,463640.058,7327742.140,2474.423
320,1080,5,463640.103,7327742.284,2474.648
320,1080,6,463640.192,7327742.583,2475.080
320,1080,7,463640.326,7327743.037,2475.721
320,1080,8,463640.393,7327743.264,2476.042
320,1080,9,463640.393,7327743.264,2476.042
320,1080,10,463640.393,7327743.264,2476.042
320,1080,11,463640.401,7327743.289,2476.091
320,1080,12,463641.101,7327745.706,2479.428
320,1080,13,463642.318,7327749.805,2485.291
320,1080,14,463643.160,7327752.340,2489.529
320,1080,15,463643.765,7327753.924,2492.666
320,1080,16,463644.111,7327754.831,2494.435
320,1080,17,463644.202,7327755.071,2494.900
320,1080,18,463644.235,7327755.158,2495.071
320,1080,19,463644.235,7327755.158,2495.071
320,1080,20,463644.235,7327755.158,2495.071
320,1080,21,463644.513,7327755.894,2496.466
310,1080,0,463493.181,7327568.522,2455.069
310,1080,1,463494.105,7327571.699,2461.098
310,1080,2,463495.764,7327577.404,2472.300
310,1080,3,463496.653,7327580.455,2478.538
310,1080,4,463496.825,7327581.035,2479.726
310,1080,5,463496.862,7327581.152,2479.970
310,1080,6,463496.931,7327581.385,2480.447
310,1080,7,463497.033,7327581.735,2481.156
310,1080,8,463497.085,7327581.910,2481.511
310,1080,9,463497.085,7327581.910,2481.511
310,1080,10,463497.085,7327581.910,2481.511
310,1080,11,463497.093,7327581.932,2481.561
310,1080,12,463497.618,7327583.740,2485.191
310,1080,13,463498.564,7327586.964,2491.781
310,1080,14,463499.317,7327589.456,2497.197
310,1080,15,463499.939,7327591.505,2501.866
310,1080,16,463500.295,7327592.704,2504.590
310,1080,17,463500.390,7327593.023,2505.313
310,1080,18,463500.424,7327593.138,2505.575
310,1080,19,463500.424,7327593.138,2505.575
310,1080,20,463500.424,7327593.138,2505.575
310,1080,21,463500.713,7327594.134,2507.815
330,1080,0,463675.349,7327698.420,2451.142
330,1080,1,463676.760,7327703.499,2457.574
330,1080,2,463679.117,7327711.560,2468.338
330,1080,3,463680.270,7327715.197,2473.616
330,1080,4,463680.501,7327715.918,2474.669
330,1080,5,463680.549,7327716.055,2474.885
330,1080,6,463680.642,7327716.348,2475.312
330,1080,7,463680.781,7327716.797,2475.949
330,1080,8,463680.850,7327717.022,2476.267
330,1080,9,463680.850,7327717.022,2476.267
330,1080,10,463680.850,7327717.022,2476.267
330,1080,11,463680.861,7327717.042,2476.313
330,1080,12,463681.584,7327719.432,2479.622
330,1080,13,463682.841,7327723.383,2485.336
330,1080,14,463683.718,7327725.561,2489.223
330,1080,15,463684.339,7327726.690,2491.922
330,1080,16,463684.687,7327727.329,2493.436
330,1080,17,463684.778,7327727.496,2493.833
330,1080,18,463684.812,7327727.557,2493.978
330,1080,19,463684.812,7327727.557,2493.978
330,1080,20,463684.812,7327727.557,2493.978
330,1080,21,463685.082,7327728.067,2495.161
340,1080,0,463716.687,7327668.706,2444.951
340,1080,1,463718.004,7327673.682,2451.353
340,1080,2,463720.263,7327681.759,2462.337
340,1080,3,463721.411,7327685.533,2467.913
340,1080,4,463721.638,7327686.275,2469.020
340,1080,5,463721.685,7327686.411,2469.246
340,1080,6,463721.776,7327686.709,2469.690
340,1080,7,463721.912,7327687.168,2470.353
340,1080,8,463721.980,7327687.398,2470.685
340,1080,9,463721.980,7327687.398,2470.685
340,1080,10,463721.980,7327687.398,2470.685
340,1080,11,463721.990,7327687.418,2470.735
340,1080,12,463722.695,7327689.851,2474.169
340,1080,13,463723.925,7327693.879,2480.120
340,1080,14,463724.804,7327696.161,2484.282
340,1080,15,463725.450,7327697.434,2487.281
340,1080,16,463725.814,7327698.165,2488.969
340,1080,17,463725.910,7327698.358,2489.412
340,1080,18,463725.945,7327698.427,2489.574
340,1080,19,463725.945,7327698.427,2489.574
340,1080,20,463725.945,7327698.427,2489.574
340,1080,21,463726.227,7327699.012,2490.882
340,1090,0,463893.650,7327856.425,2445.182
340,1090,1,463894.666,7327861.912,2450.894
340,1090,2,463896.312,7327871.086,2460.483
340,1090,3,463897.079,7327875.545,2465.170
340,1090,4,463897.228,7327876.390,2466.056
340,1090,5,463897.254,7327876.535,2466.208
340,1090,6,463897.313,7327876.863,2466.551
340,1090,7,463897.405,7327877.375,2467.087
340,1090,8,463897.450,7327877.631,2467.354
340,1090,9,463897.450,7327877.631,2467.354
340,1090,10,463897.450,7327877.631,2467.354
340,1090,11,463897.454,7327877.655,2467.380
340,1090,12,463897.950,7327880.413,2470.262
340,1090,13,463898.775,7327885.077,2475.150
340,1090,14,463899.258,7327888.007,2478.257
340,1090,15,463899.499,7327890.418,2480.986
340,1090,16,463899.601,7327892.214,2483.107
340,1090,17,463899.617,7327892.807,2483.827
340,1090,18,463899.623,7327893.015,2484.080
340,1090,19,463899.623,7327893.015,2484.080
340,1090,20,463899.623,7327893.015,2484.080
340,1090,21,463899.676,7327894.741,2486.171
330,1100,0,463991.777,7328042.424,2441.681
330,1100,1,463991.480,7328045.037,2445.369
330,1100,2,463990.943,7328049.478,2451.684
330,1100,3,463990.653,7328051.686,2454.859
330,1100,4,463990.598,7328052.102,2455.458
330,1100,5,463990.589,7328052.172,2455.559
330,1100,6,463990.567,7328052.335,2455.793
330,1100,7,463990.533,7328052.588,2456.160
330,1100,8,463990.516,7328052.715,2456.344
330,1100,9,463990.516,7328052.715,2456.344
330,1100,10,463990.516,7328052.715,2456.344
330,1100,11,463990.515,7328052.726,2456.358
330,1100,12,463990.344,7328054.066,2458.280
330,1100,13,463990.067,7328056.298,2461.462
330,1100,14,463989.913,7328057.626,2463.323
330,1100,15,463989.719,7328059.244,2465.577
330,1100,16,463989.520,7328060.833,2467.800
330,1100,17,463989.442,7328061.444,2468.657
330,1100,18,463989.415,7328061.658,2468.956
330,1100,19,463989.415,7328061.658,2468.956
330,1100,20,463989.415,7328061.658,2468.956
330,1100,21,463989.189,7328063.425,2471.438
330,1110,0,464166.344,7328269.257,2444.574
330,1110,1,464165.476,7328269.940,2447.499
330,1110,2,464163.817,7328271.187,2453.057
330,1110,3,464162.864,7328271.866,2456.233
330,1110,4,464162.687,7328271.992,2456.826
330,1110,5,464162.657,7328272.013,2456.926
330,1110,6,464162.589,7328272.061,2457.158
330,1110,7,464162.483,7328272.137,2457.521
330,1110,8,464162.429,7328272.175,2457.702
330,1110,9,464162.429,7328272.175,2457.702
330,1110,10,464162.429,7328272.175,2457.702
330,1110,11,464162.425,7328272.178,2457.715
330,1110,12,464161.897,7328272.568,2459.498
330,1110,13,464161.034,7328273.227,2462.368
330,1110,14,464160.510,7328273.659,2463.993
330,1110,15,464159.758,7328274.360,2466.120
330,1110,16,464158.996,7328275.088,2468.267
330,1110,17,464158.698,7328275.374,2469.103
330,1110,18,464158.594,7328275.474,2469.395
330,1110,19,464158.594,7328275.474,2469.395
330,1110,20,464158.594,7328275.474,2469.395
330,1110,21,464157.736,7328276.303,2471.811
